# of IoT-Apps	3
# of Iot-Brokers	1
$#-dashboard-websocket-protocol#$	wss
$#Time#$	2023-12-18T16:43:56.885Z
$#aes-encryption-iv-16chars#$	IVKeyivKey123456
$#aes-encryption-key-16chars#$	EncryptionIniKey
$#base-hostname#$	dashboard 
$#base-protocol#$	https
$#base-protocol#$|$#dashboard-websocket-protocol#$	https|wss
$#base-url#$	https://dashboard 
$#dashboard-cache-control-max-age#$	1800
$#dashboard-cross-widget-default-load-wait-time#$	1000
$#dashboard-db-host#$	dashboarddb
$#dashboard-db-port#$	3306
$#dashboard-db-pwd#$	Asymmetrica2023
$#dashboard-db-pwd-admin#$	Asymmetrica2023
$#dashboard-db-user#$	user
$#dashboard-direct-orion-base-url#$	http://orion:1026
$#dashboard-personaldata-user#$	userrootadmin
$#dashboard-personaldata-user-pwd#$	Sl9.wrE@k
$#dashboard-selector-web-default-load-wait-time#$	200
$#dashboard-session-duration#$	14400
$#dashboard-websocket-protocol#$	wss
$#datamanager-db-host#$	dashboarddb
$#datamanager-db-port#$	3306
$#datamanager-db-pwd#$	Asymmetrica2023
$#datamanager-db-user#$	user
$#elasticsearch-host#$	opensearch-n1
$#elasticsearch-port#$	9200
$#elasticsearch-scheme#$	https
$#google-api-key#$	changeme
$#iot-amount#$	3
$#iotdirectory-db-host#$	dashboarddb
$#iotdirectory-db-pwd#$	Asymmetrica2023
$#iotdirectory-db-user#$	user
$#ip-0#$	109.123.245.17
$#ip-nifi#$	109.123.245.17
$#ip-proxy#$	proxy
$#keycloak-admin#$	admin
$#keycloak-admin-pwd#$	Asymmetrica2023
$#keystore-password#$	Asymmetrica2023
$#kibana-admin-password#$	Asymmetrica2023
$#kibanauser-password#$	Asymmetrica2023
$#lat-ib-0#$	40.52077
$#ldap-admin-dn#$	cn=admin,dc=ldap,dc=organization,dc=com
$#ldap-admin-pwd#$	Asymmetrica2023
$#ldap-base-dn#$	dc=ldap,dc=organization,dc=com
$#ldap-organization#$	organization
$#ldap-port#$	389
$#ldap-server#$	ldap-server
$#ldap-server-host#$	ldap-server
$#ldap-server-port#$	389
$#lng-ib-0#$	17.25306
$#nifi-enc-key#$	VgskWSuvG3cYHDki
$#nifi-password#$	Asymmetrica2023
$#nifi-user#$	admin
$#notificator-db-host#$	dashboarddb
$#notificator-db-pwd#$	Asymmetrica2023
$#notificator-db-user#$	user
$#opensearch-admin-pwd#$	Asymmetrica2023
$#orion-default-port#$	1026
$#orion-host#$	orion
$#orion-protocol#$	http
$#personaldata-db-host#$	dashboarddb
$#personaldata-db-pwd#$	Asymmetrica2023
$#personaldata-db-user#$	user
$#personaldata-host#$	personaldata
$#personaldata-internal-url#$	http://personaldata
$#personaldata-protocol#$	http
$#postgre-geo-password#$	Asymmetrica2023
$#postgre-geo-user#$	admin
$#postgre-host#$	od-postgis
$#postgre-password#$	Asymmetrica2023
$#postgre-user#$	postgres
$#servicemap-000#$	dashboard 
$#servicemap-001#$	dashboard 
$#servicemap-db-host#$	dashboarddb
$#servicemap-db-pwd#$	Asymmetrica2023
$#servicemap-db-user#$	user
$#servicemap-id#$	servicemap
$#superservicemap-api-key#$	0123456789abcdef
$#superservicemap-db-host#$	dashboarddb
$#superservicemap-db-pwd#$	Asymmetrica2023
$#superservicemap-db-user#$	user
$#truststore-password#$	Asymmetrica2023
$#virtuoso-kb-host#$	virtuoso-kb
$#virtuoso-kb-pwd#$	Asymmetrica2023
$#ws-port#$	80
$#zoom-0#$	
