<?xml version="1.0" encoding="UTF-8"?><!--
  Licensed to the Apache Software Foundation (ASF) under one or more
  contributor license agreements.  See the NOTICE file distributed with
  this work for additional information regarding copyright ownership.
  The ASF licenses this file to You under the Apache License, Version 2.0
  (the "License"); you may not use this file except in compliance with
  the License.  You may obtain a copy of the License at
      http://www.apache.org/licenses/LICENSE-2.0
  Unless required by applicable law or agreed to in writing, software
  distributed under the License is distributed on an "AS IS" BASIS,
  WITHOUT WARRANTIES OR CONDITIONS OF ANY KIND, either express or implied.
  See the License for the specific language governing permissions and
  limitations under the License.
--><!--
    This file lists the login identity providers to use when running securely. In order
    to use a specific provider it must be configured here and it's identifier
    must be specified in the nifi.properties file.
--><loginIdentityProviders>
    <provider>
	   <identifier>single-user-provider</identifier>
	   <class>org.apache.nifi.authentication.single.user.SingleUserLoginIdentityProvider</class>
	   <property name="Username">admin</property>
	   <property name="Password">$2b$12$t1iuF.qx/549lyWiYvbbIuhZJ8Wg.N6dv1RQ7tMOlJV0632indByW</property>
	</provider>
</loginIdentityProviders>