[
  {
    "_id": "9e507e20-41db-11ea-b23a-494a12230bc3",
    "_type": "visualization",
    "_source": {
      "title": "Count bars",
      "visState": "{\"title\":\"Count bars\",\"type\":\"area\",\"params\":{\"type\":\"area\",\"grid\":{\"categoryLines\":false,\"style\":{\"color\":\"#eee\"}},\"categoryAxes\":[{\"id\":\"CategoryAxis-1\",\"type\":\"category\",\"position\":\"bottom\",\"show\":true,\"style\":{},\"scale\":{\"type\":\"linear\"},\"labels\":{\"show\":true,\"truncate\":100},\"title\":{}}],\"valueAxes\":[{\"id\":\"ValueAxis-1\",\"name\":\"LeftAxis-1\",\"type\":\"value\",\"position\":\"left\",\"show\":true,\"style\":{},\"scale\":{\"type\":\"linear\",\"mode\":\"normal\"},\"labels\":{\"show\":true,\"rotate\":0,\"filter\":false,\"truncate\":100},\"title\":{\"text\":\"Count\"}}],\"seriesParams\":[{\"show\":\"true\",\"type\":\"histogram\",\"mode\":\"stacked\",\"data\":{\"label\":\"Count\",\"id\":\"1\"},\"drawLinesBetweenPoints\":true,\"showCircles\":true,\"interpolate\":\"linear\",\"valueAxis\":\"ValueAxis-1\"}],\"addTooltip\":true,\"addLegend\":true,\"legendPosition\":\"right\",\"times\":[],\"addTimeMarker\":false},\"aggs\":[{\"id\":\"1\",\"enabled\":true,\"type\":\"count\",\"schema\":\"metric\",\"params\":{}},{\"id\":\"2\",\"enabled\":true,\"type\":\"date_histogram\",\"schema\":\"segment\",\"params\":{\"field\":\"date_time\",\"timeRange\":{\"from\":\"now-1h\",\"to\":\"now\",\"mode\":\"quick\"},\"useNormalizedEsInterval\":true,\"interval\":\"auto\",\"drop_partials\":false,\"customInterval\":\"2h\",\"min_doc_count\":1,\"extended_bounds\":{}}}]}",
      "uiStateJSON": "{}",
      "description": "",
      "version": 1,
      "kibanaSavedObjectMeta": {
        "searchSourceJSON": "{\"index\":\"83fa7ee0-41d6-11ea-b23a-494a12230bc3\",\"query\":{\"query\":\"\",\"language\":\"lucene\"},\"filter\":[]}"
      }
    },
    "_meta": {
      "savedObjectVersion": 2
    },
    "_migrationVersion": {
      "visualization": "6.7.2"
    }
  },
  {
    "_id": "a5d16ae0-313a-11e9-b0c4-639af1dade16",
    "_type": "search",
    "_source": {
      "title": "EVENTS",
      "description": "",
      "hits": 0,
      "columns": [
        "organization",
        "deviceName",
        "value",
        "src",
        "kind",
        "latlon",
        "value_name",
        "value_type",
        "data_type",
        "value_unit",
        "value_str",
        "serviceUri",
        "sensorID"
      ],
      "sort": [
        "date_time",
        "desc"
      ],
      "version": 1,
      "kibanaSavedObjectMeta": {
        "searchSourceJSON": "{\"index\":\"83fa7ee0-41d6-11ea-b23a-494a12230bc3\",\"highlightAll\":true,\"version\":true,\"query\":{\"query\":\"\",\"language\":\"lucene\"},\"filter\":[]}"
      }
    },
    "_meta": {
      "savedObjectVersion": 2
    }
  },
  {
    "_id": "56e9d310-3214-11e9-b0c4-639af1dade16",
    "_type": "visualization",
    "_source": {
      "title": "ORGANIZATION PIE",
      "visState": "{\"title\":\"ORGANIZATION PIE\",\"type\":\"pie\",\"params\":{\"type\":\"pie\",\"addTooltip\":true,\"addLegend\":true,\"legendPosition\":\"right\",\"isDonut\":false,\"labels\":{\"show\":true,\"values\":true,\"last_level\":true,\"truncate\":100}},\"aggs\":[{\"id\":\"1\",\"enabled\":true,\"type\":\"count\",\"schema\":\"metric\",\"params\":{}},{\"id\":\"2\",\"enabled\":true,\"type\":\"terms\",\"schema\":\"segment\",\"params\":{\"field\":\"organization.keyword\",\"otherBucket\":false,\"otherBucketLabel\":\"Other\",\"missingBucket\":false,\"missingBucketLabel\":\"Missing\",\"size\":5,\"order\":\"desc\",\"orderBy\":\"1\",\"customLabel\":\"organization\"}}]}",
      "uiStateJSON": "{}",
      "description": "",
      "version": 1,
      "kibanaSavedObjectMeta": {
        "searchSourceJSON": "{\"index\":\"83fa7ee0-41d6-11ea-b23a-494a12230bc3\",\"filter\":[],\"query\":{\"query\":\"\",\"language\":\"lucene\"}}"
      }
    },
    "_meta": {
      "savedObjectVersion": 2
    },
    "_migrationVersion": {
      "visualization": "6.7.2"
    }
  },
  {
    "_id": "7431dfa0-a473-11e8-8bc3-45d0f77fbb1b",
    "_type": "visualization",
    "_source": {
      "title": "SMARTCITYMAP",
      "visState": "{\"title\":\"SMARTCITYMAP\",\"type\":\"tile_map\",\"params\":{\"mapType\":\"Scaled Circle Markers\",\"isDesaturated\":false,\"addTooltip\":true,\"heatClusterSize\":1.5,\"legendPosition\":\"bottomright\",\"mapZoom\":2,\"mapCenter\":[0,0],\"wms\":{\"enabled\":false,\"options\":{\"format\":\"image/png\",\"transparent\":true},\"baseLayersAreLoaded\":{},\"tmsLayers\":[{\"id\":\"road_map\",\"url\":\"https://tiles.maps.elastic.co/v2/default/{z}/{x}/{y}.png?elastic_tile_service_tos=agree&my_app_name=kibana&my_app_version=6.3.0&license=02af4c6e-03e6-4fbc-99b1-901921691abd\",\"minZoom\":0,\"maxZoom\":18,\"attribution\":\"<p>&#169; <a href=\\\"http://www.openstreetmap.org/copyright\\\">OpenStreetMap</a> contributors | <a href=\\\"https://www.elastic.co/elastic-maps-service\\\">Elastic Maps Service</a></p>&#10;\",\"subdomains\":[]},{\"attribution\":\"<p>&#169; <a href=\\\"http://openstreetmap.org\\\">OpenStreetMap</a> contributors</p>&#10;\",\"maxZoom\":18,\"minZoom\":0,\"url\":\"http://a.tile.openstreetmap.org/{z}/{x}/{y}.png\",\"id\":\"TMS in config/kibana.yml\"}],\"selectedTmsLayer\":{\"id\":\"road_map\",\"url\":\"https://tiles.maps.elastic.co/v2/default/{z}/{x}/{y}.png?elastic_tile_service_tos=agree&my_app_name=kibana&my_app_version=6.3.0&license=02af4c6e-03e6-4fbc-99b1-901921691abd\",\"minZoom\":0,\"maxZoom\":18,\"attribution\":\"<p>&#169; <a href=\\\"http://www.openstreetmap.org/copyright\\\">OpenStreetMap</a> contributors | <a href=\\\"https://www.elastic.co/elastic-maps-service\\\">Elastic Maps Service</a></p>&#10;\",\"subdomains\":[]}}},\"aggs\":[{\"id\":\"1\",\"enabled\":true,\"type\":\"cardinality\",\"schema\":\"metric\",\"params\":{\"field\":\"sensorID.keyword\",\"customLabel\":\"Number of Sensors\"}},{\"id\":\"2\",\"enabled\":true,\"type\":\"geohash_grid\",\"schema\":\"segment\",\"params\":{\"field\":\"latlon\",\"autoPrecision\":true,\"isFilteredByCollar\":true,\"useGeocentroid\":true,\"precision\":5}}]}",
      "uiStateJSON": "{\"mapZoom\":10,\"mapCenter\":[43.51180877215826,10.891193482093513]}",
      "description": "",
      "version": 1,
      "kibanaSavedObjectMeta": {
        "searchSourceJSON": "{\"index\":\"83fa7ee0-41d6-11ea-b23a-494a12230bc3\",\"filter\":[],\"query\":{\"query\":\"\",\"language\":\"lucene\"}}"
      }
    },
    "_meta": {
      "savedObjectVersion": 2
    },
    "_migrationVersion": {
      "visualization": "6.7.2"
    }
  },
  {
    "_id": "046eaac0-a484-11e8-8bc3-45d0f77fbb1b",
    "_type": "visualization",
    "_source": {
      "title": "DEVICENAME, VALUE_NAME, VALUE_TYPE",
      "visState": "{\"title\":\"DEVICENAME, VALUE_NAME, VALUE_TYPE\",\"type\":\"pie\",\"params\":{\"type\":\"pie\",\"addTooltip\":true,\"addLegend\":true,\"legendPosition\":\"right\",\"isDonut\":true,\"labels\":{\"show\":false,\"values\":true,\"last_level\":true,\"truncate\":100}},\"aggs\":[{\"id\":\"1\",\"enabled\":true,\"type\":\"count\",\"schema\":\"metric\",\"params\":{}},{\"id\":\"2\",\"enabled\":true,\"type\":\"terms\",\"schema\":\"segment\",\"params\":{\"field\":\"deviceName.keyword\",\"otherBucket\":false,\"otherBucketLabel\":\"Other\",\"missingBucket\":false,\"missingBucketLabel\":\"Missing\",\"size\":30,\"order\":\"desc\",\"orderBy\":\"1\",\"customLabel\":\"deviceName\"}},{\"id\":\"3\",\"enabled\":true,\"type\":\"terms\",\"schema\":\"segment\",\"params\":{\"field\":\"value_name.keyword\",\"otherBucket\":false,\"otherBucketLabel\":\"Other\",\"missingBucket\":false,\"missingBucketLabel\":\"Missing\",\"size\":30,\"order\":\"desc\",\"orderBy\":\"1\",\"customLabel\":\"value_name\"}},{\"id\":\"4\",\"enabled\":true,\"type\":\"terms\",\"schema\":\"segment\",\"params\":{\"field\":\"value_type.keyword\",\"otherBucket\":false,\"otherBucketLabel\":\"Other\",\"missingBucket\":false,\"missingBucketLabel\":\"Missing\",\"size\":30,\"order\":\"desc\",\"orderBy\":\"1\",\"customLabel\":\"value_type\"}}]}",
      "uiStateJSON": "{\"vis\":{\"colors\":{\"PersonalAppSemaphoreCounters\":\"#447EBC\",\"SensoreViaBolognese\":\"#64B0C8\",\"TrafficLight_257_widgetTrafficLight2963\":\"#6ED0E0\",\"Other\":\"#70DBED\",\"RaspberryPi_Environment\":\"#CFFAFF\",\"Sensore Bolognese - Meteo e strada\":\"#E0F9D7\",\"charginstation\":\"#7EB26D\",\"bikerack_1295\":\"#508642\",\"RaspberryPi_Environment2\":\"#3F6833\",\"actuatorcanceller\":\"#6ED0E0\",\"creationdate\":\"#70DBED\",\"dewPoint\":\"#CFFAFF\",\"entitycreator\":\"#CFFAFF\",\"entitydesc\":\"#82B5D8\",\"statetime\":\"#6ED0E0\",\"statecount\":\"#BADFF4\",\"actuatordeleted\":\"#0A437C\",\"chargingState\":\"#629E51\",\"stationState\":\"#3F6833\",\"brokenBikes\":\"#B7DBAB\",\"vdc\":\"#447EBC\",\"airHumidity\":\"#9AC48A\",\"\":\"#CFFAFF\",\"actuatordeletiondate\":\"#447EBC\"}}}",
      "description": "",
      "version": 1,
      "kibanaSavedObjectMeta": {
        "searchSourceJSON": "{\"index\":\"83fa7ee0-41d6-11ea-b23a-494a12230bc3\",\"filter\":[],\"query\":{\"query\":\"\",\"language\":\"lucene\"}}"
      }
    },
    "_meta": {
      "savedObjectVersion": 2
    },
    "_migrationVersion": {
      "visualization": "6.7.2"
    }
  },
  {
    "_id": "c471a3a0-a479-11e8-8bc3-45d0f77fbb1b",
    "_type": "visualization",
    "_source": {
      "title": "DEVICE NAME",
      "visState": "{\"title\":\"DEVICE NAME\",\"type\":\"pie\",\"params\":{\"addLegend\":true,\"addTooltip\":true,\"isDonut\":false,\"labels\":{\"last_level\":true,\"show\":true,\"truncate\":100,\"values\":true},\"legendPosition\":\"bottom\",\"type\":\"pie\"},\"aggs\":[{\"id\":\"1\",\"enabled\":true,\"type\":\"count\",\"schema\":\"metric\",\"params\":{}},{\"id\":\"2\",\"enabled\":true,\"type\":\"terms\",\"schema\":\"segment\",\"params\":{\"field\":\"deviceName.keyword\",\"otherBucket\":false,\"otherBucketLabel\":\"Other\",\"missingBucket\":false,\"missingBucketLabel\":\"Missing\",\"size\":30,\"order\":\"desc\",\"orderBy\":\"1\",\"customLabel\":\"deviceName\"}}]}",
      "uiStateJSON": "{\"vis\":{\"colors\":{\"Other\":\"#E5AC0E\",\"RaspberryPi_Environment\":\"#9AC48A\",\"SensoreViaBolognese\":\"#508642\",\"bikerack_923\":\"#447EBC\",\"bikerack_922\":\"#EAB839\"}}}",
      "description": "",
      "version": 1,
      "kibanaSavedObjectMeta": {
        "searchSourceJSON": "{\"index\":\"83fa7ee0-41d6-11ea-b23a-494a12230bc3\",\"filter\":[],\"query\":{\"query\":\"\",\"language\":\"lucene\"}}"
      }
    },
    "_meta": {
      "savedObjectVersion": 2
    },
    "_migrationVersion": {
      "visualization": "6.7.2"
    }
  },
  {
    "_id": "52a1a6b0-dc20-11e8-98ba-f10b3af2238f",
    "_type": "visualization",
    "_source": {
      "title": "HITS",
      "visState": "{\"title\":\"HITS\",\"type\":\"metric\",\"params\":{\"addLegend\":false,\"addTooltip\":true,\"metric\":{\"colorSchema\":\"Green to Red\",\"colorsRange\":[{\"from\":0,\"to\":10000}],\"invertColors\":false,\"labels\":{\"show\":true},\"metricColorMode\":\"None\",\"percentageMode\":false,\"style\":{\"bgColor\":false,\"bgFill\":\"#000\",\"fontSize\":38,\"labelColor\":false,\"subText\":\"\"},\"useRanges\":false},\"type\":\"metric\"},\"aggs\":[{\"id\":\"1\",\"enabled\":true,\"type\":\"count\",\"schema\":\"metric\",\"params\":{\"customLabel\":\"TOTAL HITS\"}}]}",
      "uiStateJSON": "{}",
      "description": "",
      "version": 1,
      "kibanaSavedObjectMeta": {
        "searchSourceJSON": "{\"index\":\"83fa7ee0-41d6-11ea-b23a-494a12230bc3\",\"filter\":[],\"query\":{\"language\":\"lucene\",\"query\":\"\"}}"
      }
    },
    "_meta": {
      "savedObjectVersion": 2
    },
    "_migrationVersion": {
      "visualization": "6.7.2"
    }
  },
  {
    "_id": "36ed3860-a482-11e8-8bc3-45d0f77fbb1b",
    "_type": "visualization",
    "_source": {
      "title": "VALUE_TYPE, DATA_TYPE",
      "visState": "{\"title\":\"VALUE_TYPE, DATA_TYPE\",\"type\":\"pie\",\"params\":{\"type\":\"pie\",\"addTooltip\":true,\"addLegend\":true,\"legendPosition\":\"right\",\"isDonut\":true,\"labels\":{\"show\":false,\"values\":true,\"last_level\":true,\"truncate\":100}},\"aggs\":[{\"id\":\"1\",\"enabled\":true,\"type\":\"count\",\"schema\":\"metric\",\"params\":{}},{\"id\":\"2\",\"enabled\":true,\"type\":\"terms\",\"schema\":\"segment\",\"params\":{\"field\":\"value_type.keyword\",\"otherBucket\":false,\"otherBucketLabel\":\"Other\",\"missingBucket\":false,\"missingBucketLabel\":\"Missing\",\"size\":100000,\"order\":\"desc\",\"orderBy\":\"1\",\"customLabel\":\"value_type\"}},{\"id\":\"3\",\"enabled\":true,\"type\":\"terms\",\"schema\":\"segment\",\"params\":{\"field\":\"data_type.keyword\",\"otherBucket\":false,\"otherBucketLabel\":\"Other\",\"missingBucket\":false,\"missingBucketLabel\":\"Missing\",\"size\":100000,\"order\":\"desc\",\"orderBy\":\"1\",\"customLabel\":\"data_type\"}}]}",
      "uiStateJSON": "{\"vis\":{\"colors\":{\"string\":\"#65C5DB\",\"integer\":\"#F9934E\",\"boolean\":\"#CFFAFF\",\"float\":\"#CFFAFF\",\"charging_state\":\"#82B5D8\",\"charging_station_state\":\"#BADFF4\",\"\":\"#6ED0E0\",\"availablebikes\":\"#EF843C\",\"brokenbikes\":\"#82B5D8\",\"rain\":\"#5195CE\",\"temperature\":\"#5195CE\",\"free_stalls\":\"#70DBED\",\"film\":\"#64B0C8\",\"wind_speed\":\"#5195CE\",\"dew_point\":\"#65C5DB\",\"humidity\":\"#447EBC\",\"wind\":\"#1F78C1\",\"vdc\":\"#70DBED\",\"road_condition\":\"#CFFAFF\"},\"legendOpen\":true}}",
      "description": "",
      "version": 1,
      "kibanaSavedObjectMeta": {
        "searchSourceJSON": "{\"index\":\"83fa7ee0-41d6-11ea-b23a-494a12230bc3\",\"filter\":[],\"query\":{\"query\":\"\",\"language\":\"lucene\"}}"
      }
    },
    "_meta": {
      "savedObjectVersion": 2
    },
    "_migrationVersion": {
      "visualization": "6.7.2"
    }
  },
  {
    "_id": "338afec0-a47b-11e8-8bc3-45d0f77fbb1b",
    "_type": "visualization",
    "_source": {
      "title": "DISTRIBUTION DATA TYPE",
      "visState": "{\"title\":\"DISTRIBUTION DATA TYPE\",\"type\":\"histogram\",\"params\":{\"type\":\"histogram\",\"grid\":{\"categoryLines\":true,\"style\":{\"color\":\"#eee\"},\"valueAxis\":null},\"categoryAxes\":[{\"id\":\"CategoryAxis-1\",\"type\":\"category\",\"position\":\"bottom\",\"show\":true,\"style\":{},\"scale\":{\"type\":\"linear\"},\"labels\":{\"show\":true,\"truncate\":100},\"title\":{}}],\"valueAxes\":[{\"id\":\"ValueAxis-1\",\"name\":\"LeftAxis-1\",\"type\":\"value\",\"position\":\"left\",\"show\":true,\"style\":{},\"scale\":{\"type\":\"linear\",\"mode\":\"normal\"},\"labels\":{\"show\":true,\"rotate\":0,\"filter\":false,\"truncate\":100},\"title\":{\"text\":\"Count\"}}],\"seriesParams\":[{\"show\":\"true\",\"type\":\"histogram\",\"mode\":\"stacked\",\"data\":{\"label\":\"Count\",\"id\":\"1\"},\"valueAxis\":\"ValueAxis-1\",\"drawLinesBetweenPoints\":true,\"showCircles\":true}],\"addTooltip\":true,\"addLegend\":true,\"legendPosition\":\"right\",\"times\":[],\"addTimeMarker\":false},\"aggs\":[{\"id\":\"1\",\"enabled\":true,\"type\":\"count\",\"schema\":\"metric\",\"params\":{}},{\"id\":\"2\",\"enabled\":true,\"type\":\"terms\",\"schema\":\"segment\",\"params\":{\"field\":\"data_type.keyword\",\"otherBucket\":false,\"otherBucketLabel\":\"Other\",\"missingBucket\":false,\"missingBucketLabel\":\"Missing\",\"size\":15,\"order\":\"desc\",\"orderBy\":\"1\",\"customLabel\":\"\"}}]}",
      "uiStateJSON": "{}",
      "description": "",
      "version": 1,
      "kibanaSavedObjectMeta": {
        "searchSourceJSON": "{\"index\":\"83fa7ee0-41d6-11ea-b23a-494a12230bc3\",\"filter\":[],\"query\":{\"query\":\"\",\"language\":\"lucene\"}}"
      }
    },
    "_meta": {
      "savedObjectVersion": 2
    },
    "_migrationVersion": {
      "visualization": "6.7.2"
    }
  },
  {
    "_id": "ac735dc0-3213-11e9-b0c4-639af1dade16",
    "_type": "visualization",
    "_source": {
      "title": "DISTRIBUTION VALUE TYPE",
      "visState": "{\"title\":\"DISTRIBUTION VALUE TYPE\",\"type\":\"histogram\",\"params\":{\"type\":\"histogram\",\"grid\":{\"categoryLines\":false,\"style\":{\"color\":\"#eee\"}},\"categoryAxes\":[{\"id\":\"CategoryAxis-1\",\"type\":\"category\",\"position\":\"bottom\",\"show\":true,\"style\":{},\"scale\":{\"type\":\"linear\"},\"labels\":{\"show\":true,\"truncate\":100},\"title\":{}}],\"valueAxes\":[{\"id\":\"ValueAxis-1\",\"name\":\"LeftAxis-1\",\"type\":\"value\",\"position\":\"left\",\"show\":true,\"style\":{},\"scale\":{\"type\":\"linear\",\"mode\":\"normal\"},\"labels\":{\"show\":true,\"rotate\":0,\"filter\":false,\"truncate\":100},\"title\":{\"text\":\"Count\"}}],\"seriesParams\":[{\"show\":\"true\",\"type\":\"histogram\",\"mode\":\"stacked\",\"data\":{\"label\":\"Count\",\"id\":\"1\"},\"valueAxis\":\"ValueAxis-1\",\"drawLinesBetweenPoints\":true,\"showCircles\":true}],\"addTooltip\":true,\"addLegend\":true,\"legendPosition\":\"right\",\"times\":[],\"addTimeMarker\":false},\"aggs\":[{\"id\":\"1\",\"enabled\":true,\"type\":\"count\",\"schema\":\"metric\",\"params\":{}},{\"id\":\"2\",\"enabled\":true,\"type\":\"terms\",\"schema\":\"segment\",\"params\":{\"field\":\"value_type.keyword\",\"otherBucket\":false,\"otherBucketLabel\":\"Other\",\"missingBucket\":false,\"missingBucketLabel\":\"Missing\",\"size\":50,\"order\":\"desc\",\"orderBy\":\"1\",\"customLabel\":\"\"}}]}",
      "uiStateJSON": "{}",
      "description": "",
      "version": 1,
      "kibanaSavedObjectMeta": {
        "searchSourceJSON": "{\"index\":\"83fa7ee0-41d6-11ea-b23a-494a12230bc3\",\"filter\":[],\"query\":{\"query\":\"\",\"language\":\"lucene\"}}"
      }
    },
    "_meta": {
      "savedObjectVersion": 2
    },
    "_migrationVersion": {
      "visualization": "6.7.2"
    }
  },
  {
    "_id": "a6d23600-a485-11e8-8bc3-45d0f77fbb1b",
    "_type": "visualization",
    "_source": {
      "title": "SRC, DEVICENAME",
      "visState": "{\"title\":\"SRC, DEVICENAME\",\"type\":\"pie\",\"params\":{\"type\":\"pie\",\"addTooltip\":true,\"addLegend\":true,\"legendPosition\":\"right\",\"isDonut\":true,\"labels\":{\"show\":false,\"values\":true,\"last_level\":true,\"truncate\":100}},\"aggs\":[{\"id\":\"1\",\"enabled\":true,\"type\":\"count\",\"schema\":\"metric\",\"params\":{}},{\"id\":\"2\",\"enabled\":true,\"type\":\"terms\",\"schema\":\"segment\",\"params\":{\"field\":\"src.keyword\",\"otherBucket\":false,\"otherBucketLabel\":\"Other\",\"missingBucket\":false,\"missingBucketLabel\":\"Missing\",\"size\":100000,\"order\":\"desc\",\"orderBy\":\"1\",\"customLabel\":\"src\"}},{\"id\":\"3\",\"enabled\":true,\"type\":\"terms\",\"schema\":\"segment\",\"params\":{\"field\":\"deviceName.keyword\",\"otherBucket\":false,\"otherBucketLabel\":\"Other\",\"missingBucket\":false,\"missingBucketLabel\":\"Missing\",\"size\":60,\"order\":\"desc\",\"orderBy\":\"1\",\"customLabel\":\"deviceName\"}}]}",
      "uiStateJSON": "{\"vis\":{\"colors\":{\"ETL\":\"#6ED0E0\",\"IOT\":\"#64B0C8\",\"PersonalAppSemaphoreCounters\":\"#CFFAFF\",\"Other\":\"#E0F9D7\",\"Sensore Bolognese - Meteo e strada\":\"#F29191\",\"RaspberryPi_Environment\":\"#9AC48A\",\"TrafficLight_257_widgetTrafficLight2963\":\"#FCEACA\",\"SensoreViaBolognese\":\"#FCEACA\",\"bikerack_934\":\"#FCE2DE\"}}}",
      "description": "",
      "version": 1,
      "kibanaSavedObjectMeta": {
        "searchSourceJSON": "{\"index\":\"83fa7ee0-41d6-11ea-b23a-494a12230bc3\",\"filter\":[],\"query\":{\"query\":\"\",\"language\":\"lucene\"}}"
      }
    },
    "_meta": {
      "savedObjectVersion": 2
    },
    "_migrationVersion": {
      "visualization": "6.7.2"
    }
  },
  {
    "_id": "392c7ac0-a516-11e8-8bc3-45d0f77fbb1b",
    "_type": "visualization",
    "_source": {
      "title": "COUNTEVENTS",
      "visState": "{\"title\":\"COUNTEVENTS\",\"type\":\"histogram\",\"params\":{\"type\":\"histogram\",\"grid\":{\"categoryLines\":true,\"style\":{\"color\":\"#eee\"},\"valueAxis\":\"ValueAxis-1\"},\"categoryAxes\":[{\"id\":\"CategoryAxis-1\",\"type\":\"category\",\"position\":\"bottom\",\"show\":true,\"style\":{},\"scale\":{\"type\":\"linear\"},\"labels\":{\"show\":true,\"truncate\":100},\"title\":{}}],\"valueAxes\":[{\"id\":\"ValueAxis-1\",\"name\":\"LeftAxis-1\",\"type\":\"value\",\"position\":\"left\",\"show\":true,\"style\":{},\"scale\":{\"type\":\"linear\",\"mode\":\"normal\"},\"labels\":{\"show\":true,\"rotate\":0,\"filter\":false,\"truncate\":100},\"title\":{\"text\":\"Count\"}}],\"seriesParams\":[{\"show\":\"true\",\"type\":\"histogram\",\"mode\":\"stacked\",\"data\":{\"label\":\"Count\",\"id\":\"1\"},\"valueAxis\":\"ValueAxis-1\",\"drawLinesBetweenPoints\":true,\"showCircles\":true}],\"addTooltip\":true,\"addLegend\":true,\"legendPosition\":\"right\",\"times\":[],\"addTimeMarker\":true},\"aggs\":[{\"id\":\"1\",\"enabled\":true,\"type\":\"count\",\"schema\":\"metric\",\"params\":{}},{\"id\":\"2\",\"enabled\":true,\"type\":\"date_histogram\",\"schema\":\"segment\",\"params\":{\"field\":\"date_time\",\"interval\":\"d\",\"customInterval\":\"12h\",\"min_doc_count\":1,\"extended_bounds\":{}}}]}",
      "uiStateJSON": "{}",
      "description": "",
      "version": 1,
      "kibanaSavedObjectMeta": {
        "searchSourceJSON": "{\"index\":\"83fa7ee0-41d6-11ea-b23a-494a12230bc3\",\"filter\":[],\"query\":{\"query\":\"\",\"language\":\"lucene\"}}"
      }
    },
    "_meta": {
      "savedObjectVersion": 2
    },
    "_migrationVersion": {
      "visualization": "6.7.2"
    }
  },
  {
    "_id": "938ae980-a47a-11e8-8bc3-45d0f77fbb1b",
    "_type": "visualization",
    "_source": {
      "title": "DISTRIBUTION VALUE NAME",
      "visState": "{\"title\":\"DISTRIBUTION VALUE NAME\",\"type\":\"histogram\",\"params\":{\"type\":\"histogram\",\"grid\":{\"categoryLines\":true,\"style\":{\"color\":\"#eee\"},\"valueAxis\":null},\"categoryAxes\":[{\"id\":\"CategoryAxis-1\",\"type\":\"category\",\"position\":\"bottom\",\"show\":true,\"style\":{},\"scale\":{\"type\":\"linear\"},\"labels\":{\"show\":true,\"truncate\":100},\"title\":{}}],\"valueAxes\":[{\"id\":\"ValueAxis-1\",\"name\":\"LeftAxis-1\",\"type\":\"value\",\"position\":\"left\",\"show\":true,\"style\":{},\"scale\":{\"type\":\"linear\",\"mode\":\"normal\"},\"labels\":{\"show\":true,\"rotate\":0,\"filter\":false,\"truncate\":100},\"title\":{\"text\":\"Count\"}}],\"seriesParams\":[{\"show\":\"true\",\"type\":\"histogram\",\"mode\":\"stacked\",\"data\":{\"label\":\"Count\",\"id\":\"1\"},\"valueAxis\":\"ValueAxis-1\",\"drawLinesBetweenPoints\":true,\"showCircles\":true}],\"addTooltip\":true,\"addLegend\":true,\"legendPosition\":\"right\",\"times\":[],\"addTimeMarker\":false},\"aggs\":[{\"id\":\"1\",\"enabled\":true,\"type\":\"count\",\"schema\":\"metric\",\"params\":{}},{\"id\":\"2\",\"enabled\":true,\"type\":\"terms\",\"schema\":\"segment\",\"params\":{\"field\":\"value_name.keyword\",\"otherBucket\":false,\"otherBucketLabel\":\"Other\",\"missingBucket\":false,\"missingBucketLabel\":\"Missing\",\"size\":30,\"order\":\"desc\",\"orderBy\":\"1\",\"customLabel\":\"\"}}]}",
      "uiStateJSON": "{\"vis\":{\"colors\":{\"Count\":\"#0A50A1\"}}}",
      "description": "",
      "version": 1,
      "kibanaSavedObjectMeta": {
        "searchSourceJSON": "{\"index\":\"83fa7ee0-41d6-11ea-b23a-494a12230bc3\",\"filter\":[],\"query\":{\"query\":\"\",\"language\":\"lucene\"}}"
      }
    },
    "_meta": {
      "savedObjectVersion": 2
    },
    "_migrationVersion": {
      "visualization": "6.7.2"
    }
  },
  {
    "_id": "f010ffd0-fb42-11e9-9f6e-ed0012aa6cd5",
    "_type": "visualization",
    "_source": {
      "title": "TREND SIMPLE",
      "visState": "{\"title\":\"TREND SIMPLE\",\"type\":\"line\",\"params\":{\"type\":\"line\",\"grid\":{\"categoryLines\":false,\"style\":{\"color\":\"#eee\"}},\"categoryAxes\":[{\"id\":\"CategoryAxis-1\",\"type\":\"category\",\"position\":\"bottom\",\"show\":true,\"style\":{},\"scale\":{\"type\":\"linear\"},\"labels\":{\"show\":true,\"truncate\":100},\"title\":{}}],\"valueAxes\":[{\"id\":\"ValueAxis-1\",\"name\":\"LeftAxis-1\",\"type\":\"value\",\"position\":\"left\",\"show\":true,\"style\":{},\"scale\":{\"type\":\"linear\",\"mode\":\"normal\"},\"labels\":{\"show\":true,\"rotate\":0,\"filter\":false,\"truncate\":100},\"title\":{\"text\":\"Value\"}}],\"seriesParams\":[{\"show\":\"true\",\"type\":\"line\",\"mode\":\"normal\",\"data\":{\"label\":\"Value\",\"id\":\"1\"},\"valueAxis\":\"ValueAxis-1\",\"drawLinesBetweenPoints\":true,\"showCircles\":true}],\"addTooltip\":true,\"addLegend\":true,\"legendPosition\":\"right\",\"times\":[],\"addTimeMarker\":false},\"aggs\":[{\"id\":\"1\",\"enabled\":true,\"type\":\"avg\",\"schema\":\"metric\",\"params\":{\"field\":\"value\",\"customLabel\":\"Value\"}},{\"id\":\"2\",\"enabled\":true,\"type\":\"date_histogram\",\"schema\":\"segment\",\"params\":{\"field\":\"date_time\",\"interval\":\"auto\",\"customInterval\":\"2h\",\"min_doc_count\":1,\"extended_bounds\":{}}}]}",
      "uiStateJSON": "{}",
      "description": "",
      "version": 1,
      "kibanaSavedObjectMeta": {
        "searchSourceJSON": "{\"index\":\"83fa7ee0-41d6-11ea-b23a-494a12230bc3\",\"filter\":[],\"query\":{\"query\":\"\",\"language\":\"lucene\"}}"
      }
    },
    "_meta": {
      "savedObjectVersion": 2
    },
    "_migrationVersion": {
      "visualization": "6.7.2"
    }
  },
  {
    "_id": "f8049920-a514-11e8-8bc3-45d0f77fbb1b",
    "_type": "visualization",
    "_source": {
      "title": "VALUE_TYPE, VALUE_UNIT, VALUE_STR",
      "visState": "{\"title\":\"VALUE_TYPE, VALUE_UNIT, VALUE_STR\",\"type\":\"pie\",\"params\":{\"type\":\"pie\",\"addTooltip\":true,\"addLegend\":true,\"legendPosition\":\"right\",\"isDonut\":true,\"labels\":{\"show\":false,\"values\":true,\"last_level\":true,\"truncate\":100}},\"aggs\":[{\"id\":\"1\",\"enabled\":true,\"type\":\"count\",\"schema\":\"metric\",\"params\":{}},{\"id\":\"2\",\"enabled\":true,\"type\":\"terms\",\"schema\":\"segment\",\"params\":{\"field\":\"value_type.keyword\",\"otherBucket\":false,\"otherBucketLabel\":\"Other\",\"missingBucket\":false,\"missingBucketLabel\":\"Missing\",\"size\":50,\"order\":\"desc\",\"orderBy\":\"1\",\"customLabel\":\"value_type\"}},{\"id\":\"3\",\"enabled\":true,\"type\":\"terms\",\"schema\":\"segment\",\"params\":{\"field\":\"value_unit.keyword\",\"otherBucket\":false,\"otherBucketLabel\":\"Other\",\"missingBucket\":false,\"missingBucketLabel\":\"Missing\",\"size\":50,\"order\":\"desc\",\"orderBy\":\"1\",\"customLabel\":\"value_unit\"}},{\"id\":\"4\",\"enabled\":true,\"type\":\"terms\",\"schema\":\"segment\",\"params\":{\"field\":\"value_str.keyword\",\"otherBucket\":false,\"otherBucketLabel\":\"Other\",\"missingBucket\":false,\"missingBucketLabel\":\"Missing\",\"size\":50,\"order\":\"desc\",\"orderBy\":\"1\",\"customLabel\":\"value_str\"}}]}",
      "uiStateJSON": "{\"vis\":{\"colors\":{\"\":\"#CFFAFF\",\"charging_state\":\"#64B0C8\",\"charging_station_state\":\"#70DBED\",\"rain\":\"#F4D598\",\"#\":\"#70DBED\",\"°C\":\"#9AC48A\",\"mm\":\"#EF843C\",\"m/s\":\"#E0752D\",\"%\":\"#EAB839\",\"marazzini\":\"#65C5DB\",\"false\":\"#E0F9D7\",\"SpeedLimit\":\"#FCEACA\",\"ACTIVE\":\"#F29191\",\"FINISHED\":\"#BADFF4\",\"MAINTENANCE\":\"#F9934E\"}}}",
      "description": "",
      "version": 1,
      "kibanaSavedObjectMeta": {
        "searchSourceJSON": "{\"index\":\"83fa7ee0-41d6-11ea-b23a-494a12230bc3\",\"filter\":[],\"query\":{\"query\":\"\",\"language\":\"lucene\"}}"
      }
    },
    "_meta": {
      "savedObjectVersion": 2
    },
    "_migrationVersion": {
      "visualization": "6.7.2"
    }
  },
  {
    "_id": "962e48c0-dc20-11e8-98ba-f10b3af2238f",
    "_type": "visualization",
    "_source": {
      "title": "FACET FIELDS",
      "visState": "{\"title\":\"FACET FIELDS\",\"type\":\"input_control_vis\",\"params\":{\"controls\":[{\"id\":\"1574069161396\",\"indexPattern\":\"83fa7ee0-41d6-11ea-b23a-494a12230bc3\",\"fieldName\":\"organization.keyword\",\"parent\":\"\",\"label\":\"organization\",\"type\":\"list\",\"options\":{\"type\":\"terms\",\"multiselect\":true,\"size\":50,\"order\":\"desc\"}},{\"id\":\"1540888752910\",\"indexPattern\":\"83fa7ee0-41d6-11ea-b23a-494a12230bc3\",\"fieldName\":\"kind.keyword\",\"parent\":\"\",\"label\":\"kind\",\"type\":\"list\",\"options\":{\"type\":\"terms\",\"multiselect\":true,\"size\":1000,\"order\":\"desc\"}},{\"id\":\"1540888383768\",\"indexPattern\":\"83fa7ee0-41d6-11ea-b23a-494a12230bc3\",\"fieldName\":\"deviceName.keyword\",\"parent\":\"\",\"label\":\"deviceName\",\"type\":\"list\",\"options\":{\"type\":\"terms\",\"multiselect\":true,\"size\":10000,\"order\":\"desc\"}},{\"id\":\"1540888490512\",\"indexPattern\":\"83fa7ee0-41d6-11ea-b23a-494a12230bc3\",\"fieldName\":\"src.keyword\",\"parent\":\"\",\"label\":\"src\",\"type\":\"list\",\"options\":{\"type\":\"terms\",\"multiselect\":true,\"size\":10000,\"order\":\"desc\"}},{\"id\":\"1540888398097\",\"indexPattern\":\"83fa7ee0-41d6-11ea-b23a-494a12230bc3\",\"fieldName\":\"data_type.keyword\",\"parent\":\"\",\"label\":\"data_type\",\"type\":\"list\",\"options\":{\"type\":\"terms\",\"multiselect\":true,\"size\":10000,\"order\":\"desc\"}},{\"id\":\"1540888705976\",\"indexPattern\":\"83fa7ee0-41d6-11ea-b23a-494a12230bc3\",\"fieldName\":\"value_type.keyword\",\"parent\":\"\",\"label\":\"value_type\",\"type\":\"list\",\"options\":{\"type\":\"terms\",\"multiselect\":true,\"size\":10000,\"order\":\"desc\"}},{\"id\":\"1540888567991\",\"indexPattern\":\"83fa7ee0-41d6-11ea-b23a-494a12230bc3\",\"fieldName\":\"value_name.keyword\",\"parent\":\"\",\"label\":\"value_name\",\"type\":\"list\",\"options\":{\"type\":\"terms\",\"multiselect\":true,\"size\":1000,\"order\":\"desc\"}},{\"id\":\"1540888629900\",\"indexPattern\":\"83fa7ee0-41d6-11ea-b23a-494a12230bc3\",\"fieldName\":\"sensorID.keyword\",\"parent\":\"\",\"label\":\"sensorID\",\"type\":\"list\",\"options\":{\"type\":\"terms\",\"multiselect\":true,\"size\":10000,\"order\":\"desc\"}},{\"id\":\"1540888669018\",\"indexPattern\":\"83fa7ee0-41d6-11ea-b23a-494a12230bc3\",\"fieldName\":\"\",\"parent\":\"\",\"label\":\"value_str\",\"type\":\"list\",\"options\":{\"type\":\"terms\",\"multiselect\":true,\"size\":10000,\"order\":\"desc\"}},{\"id\":\"1574067804302\",\"indexPattern\":\"83fa7ee0-41d6-11ea-b23a-494a12230bc3\",\"fieldName\":\"value_unit.keyword\",\"parent\":\"\",\"label\":\"value_unit\",\"type\":\"list\",\"options\":{\"type\":\"terms\",\"multiselect\":true,\"size\":10000,\"order\":\"desc\"}}],\"updateFiltersOnChange\":false,\"useTimeFilter\":false,\"pinFilters\":false},\"aggs\":[]}",
      "uiStateJSON": "{}",
      "description": "",
      "version": 1,
      "kibanaSavedObjectMeta": {
        "searchSourceJSON": "{\"query\":{\"query\":\"\",\"language\":\"lucene\"},\"filter\":[]}"
      }
    },
    "_meta": {
      "savedObjectVersion": 2
    },
    "_migrationVersion": {
      "visualization": "6.7.2"
    }
  },
  {
    "_id": "599a6130-a487-11e8-8bc3-45d0f77fbb1b",
    "_type": "dashboard",
    "_source": {
      "title": "Sensors-ETL-IOT-v4",
      "hits": 0,
      "description": "",
      "panelsJSON": "[{\"embeddableConfig\":{\"mapZoom\":13,\"mapCenter\":[43.803438178381896,11.230173110961916]},\"gridData\":{\"x\":0,\"y\":67,\"w\":48,\"h\":20,\"i\":\"1\"},\"id\":\"7431dfa0-a473-11e8-8bc3-45d0f77fbb1b\",\"panelIndex\":\"1\",\"type\":\"visualization\",\"version\":\"6.3.0\"},{\"embeddableConfig\":{\"vis\":{\"colors\":{\"Count\":\"#1F78C1\"},\"legendOpen\":false}},\"gridData\":{\"x\":14,\"y\":31,\"w\":34,\"h\":12,\"i\":\"3\"},\"id\":\"938ae980-a47a-11e8-8bc3-45d0f77fbb1b\",\"panelIndex\":\"3\",\"type\":\"visualization\",\"version\":\"6.3.0\"},{\"embeddableConfig\":{\"vis\":{\"colors\":{\"Count\":\"#1F78C1\"},\"legendOpen\":false}},\"gridData\":{\"x\":36,\"y\":43,\"w\":12,\"h\":10,\"i\":\"4\"},\"id\":\"338afec0-a47b-11e8-8bc3-45d0f77fbb1b\",\"panelIndex\":\"4\",\"type\":\"visualization\",\"version\":\"6.3.0\"},{\"embeddableConfig\":{\"spy\":null,\"vis\":{\"colors\":{\"Other\":\"#E5AC0E\",\"PersonalAppSemaphoreCounters\":\"#629E51\",\"RaspberryPi_Environment\":\"#E0752D\",\"SensoreViaBolognese\":\"#629E51\",\"TrafficLight_257_widgetTrafficLight2963\":\"#EF843C\",\"bikerack_1295\":\"#65C5DB\",\"bikerack_1304\":\"#E0752D\",\"bikerack_922\":\"#447EBC\",\"bikerack_923\":\"#6ED0E0\",\"charginstation\":\"#E24D42\",\"smartbench\":\"#65C5DB\",\"test_sensor02\":\"#E5AC0E\"},\"legendOpen\":false}},\"gridData\":{\"x\":14,\"y\":19,\"w\":20,\"h\":12,\"i\":\"5\"},\"id\":\"c471a3a0-a479-11e8-8bc3-45d0f77fbb1b\",\"panelIndex\":\"5\",\"type\":\"visualization\",\"version\":\"6.3.0\"},{\"embeddableConfig\":{\"vis\":{\"colors\":{\"\":\"#5195CE\",\"availablebikes\":\"#70DBED\",\"boolean\":\"#CFFAFF\",\"brokenbikes\":\"#64B0C8\",\"charging_state\":\"#5195CE\",\"charging_station_state\":\"#0A50A1\",\"dew_point\":\"#70DBED\",\"film\":\"#82B5D8\",\"float\":\"#6ED0E0\",\"free_stalls\":\"#5195CE\",\"humidity\":\"#0A50A1\",\"integer\":\"#EF843C\",\"lux\":\"#C15C17\",\"road_condition\":\"#BADFF4\",\"sittings_count\":\"#F9934E\",\"string\":\"#BADFF4\",\"temperature\":\"#F9934E\",\"transits_count\":\"#C15C17\",\"vdc\":\"#70DBED\",\"wind\":\"#82B5D8\",\"wind_gust_speed\":\"#82B5D8\",\"wind_speed\":\"#64B0C8\"},\"legendOpen\":false}},\"gridData\":{\"x\":0,\"y\":53,\"w\":11,\"h\":14,\"i\":\"8\"},\"id\":\"36ed3860-a482-11e8-8bc3-45d0f77fbb1b\",\"panelIndex\":\"8\",\"type\":\"visualization\",\"version\":\"6.3.0\"},{\"embeddableConfig\":{\"vis\":{\"colors\":{\"\":\"#CFFAFF\",\"Other\":\"#70DBED\",\"PersonalAppSemaphoreCounters\":\"#447EBC\",\"RaspberryPi_Environment\":\"#CFFAFF\",\"RaspberryPi_Environment2\":\"#3F6833\",\"Sensore Bolognese - Meteo e strada\":\"#E0F9D7\",\"SensoreViaBolognese\":\"#64B0C8\",\"TrafficLight_257_widgetTrafficLight2963\":\"#6ED0E0\",\"actuatorcanceller\":\"#6ED0E0\",\"actuatordeleted\":\"#EF843C\",\"actuatordeletiondate\":\"#F9E2D2\",\"airHumidity\":\"#9AC48A\",\"airTemperature\":\"#CFFAFF\",\"bikerack_1116\":\"#70DBED\",\"bikerack_1295\":\"#508642\",\"bikerack_924\":\"#CFFAFF\",\"bikerack_933\":\"#BADFF4\",\"brokenBikes\":\"#B7DBAB\",\"chargingState\":\"#629E51\",\"charginstation\":\"#7EB26D\",\"creationdate\":\"#BADFF4\",\"dewPoint\":\"#CFFAFF\",\"dew_point\":\"#6ED0E0\",\"entitycreator\":\"#F9BA8F\",\"entitydesc\":\"#EF843C\",\"film\":\"#BADFF4\",\"geolocalization_lat\":\"#E0F9D7\",\"geolocalization_lon\":\"#5195CE\",\"humidity\":\"#82B5D8\",\"roadTemperature\":\"#5195CE\",\"road_condition\":\"#64B0C8\",\"smartbench\":\"#CFFAFF\",\"statecount\":\"#F9934E\",\"statetime\":\"#9AC48A\",\"stationState\":\"#3F6833\",\"temperature\":\"#82B5D8\",\"test_sensor02\":\"#65C5DB\",\"transits_count\":\"#CFFAFF\",\"vdc\":\"#447EBC\",\"waterFilm\":\"#82B5D8\",\"wind\":\"#CFFAFF\",\"windDirection\":\"#0A50A1\",\"windGust\":\"#5195CE\",\"windSpeed\":\"#70DBED\",\"wind_gust_speed\":\"#5195CE\",\"wind_speed\":\"#65C5DB\"},\"legendOpen\":false}},\"gridData\":{\"x\":23,\"y\":53,\"w\":12,\"h\":14,\"i\":\"9\"},\"id\":\"046eaac0-a484-11e8-8bc3-45d0f77fbb1b\",\"panelIndex\":\"9\",\"type\":\"visualization\",\"version\":\"6.3.0\"},{\"embeddableConfig\":{\"vis\":{\"colors\":{\"ETL\":\"#EF843C\",\"IOT\":\"#1F78C1\",\"Other\":\"#E0F9D7\",\"PersonalAppSemaphoreCounters\":\"#5195CE\",\"RaspberryPi_Environment\":\"#9AC48A\",\"Sensore Bolognese - Meteo e strada\":\"#F29191\",\"SensoreViaBolognese\":\"#82B5D8\",\"TrafficLight_257_widgetTrafficLight2963\":\"#FCEACA\",\"bikerack_1116\":\"#CFFAFF\",\"bikerack_1390\":\"#70DBED\",\"bikerack_1391\":\"#70DBED\",\"bikerack_1392\":\"#82B5D8\",\"bikerack_1443\":\"#6ED0E0\",\"bikerack_1447\":\"#CFFAFF\",\"bikerack_925\":\"#BADFF4\",\"bikerack_933\":\"#CFFAFF\",\"bikerack_934\":\"#FCE2DE\",\"smartbench\":\"#1F78C1\",\"test_sensor02\":\"#BADFF4\"},\"legendOpen\":false}},\"gridData\":{\"x\":11,\"y\":53,\"w\":12,\"h\":14,\"i\":\"11\"},\"id\":\"a6d23600-a485-11e8-8bc3-45d0f77fbb1b\",\"panelIndex\":\"11\",\"type\":\"visualization\",\"version\":\"6.3.0\"},{\"embeddableConfig\":{\"spy\":null,\"vis\":{\"colors\":{\"Count\":\"#629E51\"},\"legendOpen\":false}},\"gridData\":{\"x\":0,\"y\":0,\"w\":34,\"h\":9,\"i\":\"12\"},\"id\":\"392c7ac0-a516-11e8-8bc3-45d0f77fbb1b\",\"panelIndex\":\"12\",\"type\":\"visualization\",\"version\":\"6.3.0\"},{\"embeddableConfig\":{\"vis\":{\"colors\":{\"\":\"#1F78C1\",\"#\":\"#82B5D8\",\"%\":\"#70DBED\",\"ACTIVE\":\"#82B5D8\",\"AVAILABLE\":\"#1F78C1\",\"CHARGING\":\"#CFFAFF\",\"FAULT\":\"#70DBED\",\"FINISHED\":\"#BADFF4\",\"MAINTENANCE\":\"#1F78C1\",\"SpeedLimit\":\"#EF843C\",\"availablebikes\":\"#E0F9D7\",\"brokenbikes\":\"#7EB26D\",\"charging_state\":\"#64B0C8\",\"charging_station_state\":\"#70DBED\",\"deg\":\"#F9934E\",\"false\":\"#64B0C8\",\"m/s\":\"#E0752D\",\"marazzini\":\"#CFFAFF\",\"mm\":\"#0A50A1\",\"rain\":\"#F4D598\",\"temperature\":\"#F9934E\",\"wind\":\"#65C5DB\",\"wind_gust_speed\":\"#5195CE\",\"wind_speed\":\"#E0752D\",\"°C\":\"#629E51\"},\"legendOpen\":true}},\"gridData\":{\"x\":35,\"y\":53,\"w\":13,\"h\":14,\"i\":\"13\"},\"id\":\"f8049920-a514-11e8-8bc3-45d0f77fbb1b\",\"panelIndex\":\"13\",\"type\":\"visualization\",\"version\":\"6.3.0\"},{\"embeddableConfig\":{\"columns\":[\"organization\",\"deviceName\",\"value\",\"src\",\"kind\",\"latlon\",\"value_name\",\"value_type\",\"data_type\",\"serviceUri\",\"value_unit\",\"value_str\",\"sensorID\"]},\"gridData\":{\"x\":0,\"y\":95,\"w\":48,\"h\":17,\"i\":\"15\"},\"id\":\"a5d16ae0-313a-11e9-b0c4-639af1dade16\",\"panelIndex\":\"15\",\"type\":\"search\",\"version\":\"6.3.0\"},{\"embeddableConfig\":{\"vis\":{\"legendOpen\":false}},\"gridData\":{\"x\":14,\"y\":43,\"w\":22,\"h\":10,\"i\":\"16\"},\"id\":\"ac735dc0-3213-11e9-b0c4-639af1dade16\",\"panelIndex\":\"16\",\"type\":\"visualization\",\"version\":\"6.3.0\"},{\"embeddableConfig\":{\"spy\":null,\"vis\":{\"legendOpen\":false}},\"gridData\":{\"x\":34,\"y\":19,\"w\":14,\"h\":12,\"i\":\"17\"},\"id\":\"56e9d310-3214-11e9-b0c4-639af1dade16\",\"panelIndex\":\"17\",\"type\":\"visualization\",\"version\":\"6.3.0\"},{\"embeddableConfig\":{\"vis\":{\"legendOpen\":false}},\"gridData\":{\"x\":0,\"y\":87,\"w\":48,\"h\":8,\"i\":\"18\"},\"id\":\"f010ffd0-fb42-11e9-9f6e-ed0012aa6cd5\",\"panelIndex\":\"18\",\"type\":\"visualization\",\"version\":\"6.3.0\"},{\"embeddableConfig\":{},\"gridData\":{\"x\":34,\"y\":0,\"w\":14,\"h\":9,\"i\":\"19\"},\"id\":\"52a1a6b0-dc20-11e8-98ba-f10b3af2238f\",\"panelIndex\":\"19\",\"type\":\"visualization\",\"version\":\"6.3.0\"},{\"embeddableConfig\":{},\"gridData\":{\"x\":0,\"y\":19,\"w\":14,\"h\":34,\"i\":\"20\"},\"id\":\"962e48c0-dc20-11e8-98ba-f10b3af2238f\",\"panelIndex\":\"20\",\"type\":\"visualization\",\"version\":\"6.3.0\"},{\"embeddableConfig\":{},\"gridData\":{\"x\":0,\"y\":9,\"w\":48,\"h\":10,\"i\":\"21\"},\"id\":\"09d24b60-dc3e-11e8-98ba-f10b3af2238f\",\"panelIndex\":\"21\",\"type\":\"visualization\",\"version\":\"6.3.0\"}]",
      "optionsJSON": "{\"darkTheme\":true,\"hidePanelTitles\":false,\"useMargins\":true}",
      "version": 1,
      "timeRestore": false,
      "kibanaSavedObjectMeta": {
        "searchSourceJSON": "{\"query\":{\"language\":\"lucene\",\"query\":\"\"},\"filter\":[],\"highlightAll\":true,\"version\":true}"
      }
    },
    "_meta": {
      "savedObjectVersion": 2
    }
  },
  {
    "_id": "83fa7ee0-41d6-11ea-b23a-494a12230bc3",
    "_type": "index-pattern",
    "_source": {
      "title": "iotdata*",
      "timeFieldName": "date_time",
      "fields": "[{\"name\":\"_id\",\"type\":\"string\",\"count\":0,\"scripted\":false,\"searchable\":true,\"aggregatable\":true,\"readFromDocValues\":false},{\"name\":\"_index\",\"type\":\"string\",\"count\":0,\"scripted\":false,\"searchable\":true,\"aggregatable\":true,\"readFromDocValues\":false},{\"name\":\"_score\",\"type\":\"number\",\"count\":0,\"scripted\":false,\"searchable\":false,\"aggregatable\":false,\"readFromDocValues\":false},{\"name\":\"_source\",\"type\":\"_source\",\"count\":0,\"scripted\":false,\"searchable\":false,\"aggregatable\":false,\"readFromDocValues\":false},{\"name\":\"_type\",\"type\":\"string\",\"count\":0,\"scripted\":false,\"searchable\":true,\"aggregatable\":true,\"readFromDocValues\":false},{\"name\":\"attr_type\",\"type\":\"string\",\"count\":0,\"scripted\":false,\"searchable\":true,\"aggregatable\":false,\"readFromDocValues\":false},{\"name\":\"attr_type.keyword\",\"type\":\"string\",\"count\":0,\"scripted\":false,\"searchable\":true,\"aggregatable\":true,\"readFromDocValues\":true},{\"name\":\"data_type\",\"type\":\"string\",\"count\":0,\"scripted\":false,\"searchable\":true,\"aggregatable\":false,\"readFromDocValues\":false},{\"name\":\"data_type.keyword\",\"type\":\"string\",\"count\":0,\"scripted\":false,\"searchable\":true,\"aggregatable\":true,\"readFromDocValues\":true},{\"name\":\"date_time\",\"type\":\"date\",\"count\":0,\"scripted\":false,\"searchable\":true,\"aggregatable\":true,\"readFromDocValues\":true},{\"name\":\"date_time10min\",\"type\":\"date\",\"count\":0,\"scripted\":false,\"searchable\":true,\"aggregatable\":true,\"readFromDocValues\":true},{\"name\":\"date_time10sec\",\"type\":\"date\",\"count\":0,\"scripted\":false,\"searchable\":true,\"aggregatable\":true,\"readFromDocValues\":true},{\"name\":\"date_time1d\",\"type\":\"date\",\"count\":0,\"scripted\":false,\"searchable\":true,\"aggregatable\":true,\"readFromDocValues\":true},{\"name\":\"date_time1h\",\"type\":\"date\",\"count\":0,\"scripted\":false,\"searchable\":true,\"aggregatable\":true,\"readFromDocValues\":true},{\"name\":\"date_time1min\",\"type\":\"date\",\"count\":0,\"scripted\":false,\"searchable\":true,\"aggregatable\":true,\"readFromDocValues\":true},{\"name\":\"date_time1sec\",\"type\":\"date\",\"count\":0,\"scripted\":false,\"searchable\":true,\"aggregatable\":true,\"readFromDocValues\":true},{\"name\":\"date_time_10min\",\"type\":\"date\",\"count\":0,\"scripted\":false,\"searchable\":true,\"aggregatable\":true,\"readFromDocValues\":true},{\"name\":\"date_time_10sec\",\"type\":\"date\",\"count\":0,\"scripted\":false,\"searchable\":true,\"aggregatable\":true,\"readFromDocValues\":true},{\"name\":\"date_time_1d\",\"type\":\"date\",\"count\":0,\"scripted\":false,\"searchable\":true,\"aggregatable\":true,\"readFromDocValues\":true},{\"name\":\"date_time_1h\",\"type\":\"date\",\"count\":0,\"scripted\":false,\"searchable\":true,\"aggregatable\":true,\"readFromDocValues\":true},{\"name\":\"date_time_1min\",\"type\":\"date\",\"count\":0,\"scripted\":false,\"searchable\":true,\"aggregatable\":true,\"readFromDocValues\":true},{\"name\":\"date_time_1sec\",\"type\":\"date\",\"count\":0,\"scripted\":false,\"searchable\":true,\"aggregatable\":true,\"readFromDocValues\":true},{\"name\":\"deviceName\",\"type\":\"string\",\"count\":0,\"scripted\":false,\"searchable\":true,\"aggregatable\":false,\"readFromDocValues\":false},{\"name\":\"deviceName.keyword\",\"type\":\"string\",\"count\":0,\"scripted\":false,\"searchable\":true,\"aggregatable\":true,\"readFromDocValues\":true},{\"name\":\"different_values\",\"type\":\"string\",\"count\":0,\"scripted\":false,\"searchable\":true,\"aggregatable\":false,\"readFromDocValues\":false},{\"name\":\"different_values.keyword\",\"type\":\"string\",\"count\":0,\"scripted\":false,\"searchable\":true,\"aggregatable\":true,\"readFromDocValues\":true},{\"name\":\"geolocation\",\"type\":\"geo_point\",\"count\":0,\"scripted\":false,\"searchable\":true,\"aggregatable\":true,\"readFromDocValues\":true},{\"name\":\"healthiness_criteria\",\"type\":\"string\",\"count\":0,\"scripted\":false,\"searchable\":true,\"aggregatable\":false,\"readFromDocValues\":false},{\"name\":\"healthiness_criteria.keyword\",\"type\":\"string\",\"count\":0,\"scripted\":false,\"searchable\":true,\"aggregatable\":true,\"readFromDocValues\":true},{\"name\":\"id\",\"type\":\"string\",\"count\":0,\"scripted\":false,\"searchable\":true,\"aggregatable\":false,\"readFromDocValues\":false},{\"name\":\"id.keyword\",\"type\":\"string\",\"count\":0,\"scripted\":false,\"searchable\":true,\"aggregatable\":true,\"readFromDocValues\":true},{\"name\":\"kind\",\"type\":\"string\",\"count\":0,\"scripted\":false,\"searchable\":true,\"aggregatable\":false,\"readFromDocValues\":false},{\"name\":\"kind.keyword\",\"type\":\"string\",\"count\":0,\"scripted\":false,\"searchable\":true,\"aggregatable\":true,\"readFromDocValues\":true},{\"name\":\"latlon\",\"type\":\"geo_point\",\"count\":0,\"scripted\":false,\"searchable\":true,\"aggregatable\":true,\"readFromDocValues\":true},{\"name\":\"organization\",\"type\":\"string\",\"count\":0,\"scripted\":false,\"searchable\":true,\"aggregatable\":false,\"readFromDocValues\":false},{\"name\":\"organization.keyword\",\"type\":\"string\",\"count\":0,\"scripted\":false,\"searchable\":true,\"aggregatable\":true,\"readFromDocValues\":true},{\"name\":\"sensorID\",\"type\":\"string\",\"count\":0,\"scripted\":false,\"searchable\":true,\"aggregatable\":false,\"readFromDocValues\":false},{\"name\":\"sensorID.keyword\",\"type\":\"string\",\"count\":0,\"scripted\":false,\"searchable\":true,\"aggregatable\":true,\"readFromDocValues\":true},{\"name\":\"serviceUri\",\"type\":\"string\",\"count\":0,\"scripted\":false,\"searchable\":true,\"aggregatable\":false,\"readFromDocValues\":false},{\"name\":\"serviceUri.keyword\",\"type\":\"string\",\"count\":0,\"scripted\":false,\"searchable\":true,\"aggregatable\":true,\"readFromDocValues\":true},{\"name\":\"src\",\"type\":\"string\",\"count\":0,\"scripted\":false,\"searchable\":true,\"aggregatable\":false,\"readFromDocValues\":false},{\"name\":\"src.keyword\",\"type\":\"string\",\"count\":0,\"scripted\":false,\"searchable\":true,\"aggregatable\":true,\"readFromDocValues\":true},{\"name\":\"type\",\"type\":\"string\",\"count\":0,\"scripted\":false,\"searchable\":true,\"aggregatable\":false,\"readFromDocValues\":false},{\"name\":\"type.keyword\",\"type\":\"string\",\"count\":0,\"scripted\":false,\"searchable\":true,\"aggregatable\":true,\"readFromDocValues\":true},{\"name\":\"uuid\",\"type\":\"string\",\"count\":0,\"scripted\":false,\"searchable\":true,\"aggregatable\":false,\"readFromDocValues\":false},{\"name\":\"uuid.keyword\",\"type\":\"string\",\"count\":0,\"scripted\":false,\"searchable\":true,\"aggregatable\":true,\"readFromDocValues\":true},{\"name\":\"value\",\"type\":\"number\",\"count\":0,\"scripted\":false,\"searchable\":true,\"aggregatable\":true,\"readFromDocValues\":true},{\"name\":\"value_bounds\",\"type\":\"string\",\"count\":0,\"scripted\":false,\"searchable\":true,\"aggregatable\":false,\"readFromDocValues\":false},{\"name\":\"value_bounds.keyword\",\"type\":\"string\",\"count\":0,\"scripted\":false,\"searchable\":true,\"aggregatable\":true,\"readFromDocValues\":true},{\"name\":\"value_name\",\"type\":\"string\",\"count\":0,\"scripted\":false,\"searchable\":true,\"aggregatable\":false,\"readFromDocValues\":false},{\"name\":\"value_name.keyword\",\"type\":\"string\",\"count\":0,\"scripted\":false,\"searchable\":true,\"aggregatable\":true,\"readFromDocValues\":true},{\"name\":\"value_refresh_rate\",\"type\":\"string\",\"count\":0,\"scripted\":false,\"searchable\":true,\"aggregatable\":false,\"readFromDocValues\":false},{\"name\":\"value_refresh_rate.keyword\",\"type\":\"string\",\"count\":0,\"scripted\":false,\"searchable\":true,\"aggregatable\":true,\"readFromDocValues\":true},{\"name\":\"value_str\",\"type\":\"string\",\"count\":0,\"scripted\":false,\"searchable\":true,\"aggregatable\":false,\"readFromDocValues\":false},{\"name\":\"value_str.keyword\",\"type\":\"string\",\"count\":0,\"scripted\":false,\"searchable\":true,\"aggregatable\":true,\"readFromDocValues\":true},{\"name\":\"value_type\",\"type\":\"string\",\"count\":0,\"scripted\":false,\"searchable\":true,\"aggregatable\":false,\"readFromDocValues\":false},{\"name\":\"value_type.keyword\",\"type\":\"string\",\"count\":0,\"scripted\":false,\"searchable\":true,\"aggregatable\":true,\"readFromDocValues\":true},{\"name\":\"value_unit\",\"type\":\"string\",\"count\":0,\"scripted\":false,\"searchable\":true,\"aggregatable\":false,\"readFromDocValues\":false},{\"name\":\"value_unit.keyword\",\"type\":\"string\",\"count\":0,\"scripted\":false,\"searchable\":true,\"aggregatable\":true,\"readFromDocValues\":true}]"
    },
    "_meta": {
      "savedObjectVersion": 2
    },
    "_migrationVersion": {
      "index-pattern": "6.5.0"
    }
  },
  {
    "_id": "09d24b60-dc3e-11e8-98ba-f10b3af2238f",
    "_type": "visualization",
    "_source": {
      "title": "EVENT COUNTS",
      "visState": "{\"title\":\"EVENT COUNTS\",\"type\":\"area\",\"params\":{\"type\":\"area\",\"grid\":{\"categoryLines\":true,\"style\":{\"color\":\"#eee\"},\"valueAxis\":\"ValueAxis-1\"},\"categoryAxes\":[{\"id\":\"CategoryAxis-1\",\"type\":\"category\",\"position\":\"bottom\",\"show\":true,\"style\":{},\"scale\":{\"type\":\"linear\"},\"labels\":{\"show\":true,\"truncate\":100,\"filter\":false},\"title\":{}}],\"valueAxes\":[{\"id\":\"ValueAxis-1\",\"name\":\"LeftAxis-1\",\"type\":\"value\",\"position\":\"left\",\"show\":true,\"style\":{},\"scale\":{\"type\":\"linear\",\"mode\":\"normal\"},\"labels\":{\"show\":true,\"rotate\":0,\"filter\":false,\"truncate\":100},\"title\":{\"text\":\"Count\"}}],\"seriesParams\":[{\"show\":\"true\",\"type\":\"histogram\",\"mode\":\"normal\",\"data\":{\"label\":\"Count\",\"id\":\"1\"},\"drawLinesBetweenPoints\":true,\"showCircles\":true,\"interpolate\":\"linear\",\"valueAxis\":\"ValueAxis-1\"}],\"addTooltip\":true,\"addLegend\":true,\"legendPosition\":\"right\",\"times\":[],\"addTimeMarker\":true},\"aggs\":[{\"id\":\"1\",\"enabled\":true,\"type\":\"count\",\"schema\":\"metric\",\"params\":{}},{\"id\":\"2\",\"enabled\":true,\"type\":\"date_histogram\",\"schema\":\"segment\",\"params\":{\"field\":\"date_time\",\"timeRange\":{\"from\":\"now-15m\",\"to\":\"now\",\"mode\":\"quick\"},\"useNormalizedEsInterval\":true,\"interval\":\"custom\",\"drop_partials\":false,\"customInterval\":\"10 m\",\"min_doc_count\":1,\"extended_bounds\":{},\"customLabel\":\"date_time per 10min\"}}]}",
      "uiStateJSON": "{\"vis\":{\"legendOpen\":false,\"colors\":{\"Count\":\"#B7DBAB\"}}}",
      "description": "",
      "version": 1,
      "kibanaSavedObjectMeta": {
        "searchSourceJSON": "{\"index\":\"83fa7ee0-41d6-11ea-b23a-494a12230bc3\",\"filter\":[],\"query\":{\"query\":\"\",\"language\":\"lucene\"}}"
      }
    },
    "_meta": {
      "savedObjectVersion": 2
    },
    "_migrationVersion": {
      "visualization": "6.7.2"
    }
  }
]